--
-- PostgreSQL database dump
--

-- Dumped from database version 12.22 (Ubuntu 12.22-0ubuntu0.20.04.4)
-- Dumped by pg_dump version 12.22 (Ubuntu 12.22-0ubuntu0.20.04.4)

SET statement_timeout = 0;
SET lock_timeout = 0;
SET idle_in_transaction_session_timeout = 0;
SET client_encoding = 'UTF8';
SET standard_conforming_strings = on;
SELECT pg_catalog.set_config('search_path', '', false);
SET check_function_bodies = false;
SET xmloption = content;
SET client_min_messages = warning;
SET row_security = off;

DROP DATABASE universe;
--
-- Name: universe; Type: DATABASE; Schema: -; Owner: freecodecamp
--

CREATE DATABASE universe WITH TEMPLATE = template0 ENCODING = 'UTF8' LC_COLLATE = 'C.UTF-8' LC_CTYPE = 'C.UTF-8';


ALTER DATABASE universe OWNER TO freecodecamp;

\connect universe

SET statement_timeout = 0;
SET lock_timeout = 0;
SET idle_in_transaction_session_timeout = 0;
SET client_encoding = 'UTF8';
SET standard_conforming_strings = on;
SELECT pg_catalog.set_config('search_path', '', false);
SET check_function_bodies = false;
SET xmloption = content;
SET client_min_messages = warning;
SET row_security = off;

SET default_tablespace = '';

SET default_table_access_method = heap;

--
-- Name: galaxy; Type: TABLE; Schema: public; Owner: freecodecamp
--

CREATE TABLE public.galaxy (
    galaxy_id integer NOT NULL,
    name character varying(30) NOT NULL,
    age_in_millions_of_years integer NOT NULL,
    description character varying(150),
    number_of_planets bigint
);


ALTER TABLE public.galaxy OWNER TO freecodecamp;

--
-- Name: galaxy_id_seq; Type: SEQUENCE; Schema: public; Owner: freecodecamp
--

ALTER TABLE public.galaxy ALTER COLUMN galaxy_id ADD GENERATED BY DEFAULT AS IDENTITY (
    SEQUENCE NAME public.galaxy_id_seq
    START WITH 1
    INCREMENT BY 1
    NO MINVALUE
    NO MAXVALUE
    CACHE 1
);


--
-- Name: galaxy_types; Type: TABLE; Schema: public; Owner: freecodecamp
--

CREATE TABLE public.galaxy_types (
    galaxy_types_id integer NOT NULL,
    galaxy_id integer NOT NULL,
    type character varying(30) NOT NULL,
    name character varying(30)
);


ALTER TABLE public.galaxy_types OWNER TO freecodecamp;

--
-- Name: galaxy_types_id_seq; Type: SEQUENCE; Schema: public; Owner: freecodecamp
--

CREATE SEQUENCE public.galaxy_types_id_seq
    AS integer
    START WITH 1
    INCREMENT BY 1
    NO MINVALUE
    NO MAXVALUE
    CACHE 1;


ALTER TABLE public.galaxy_types_id_seq OWNER TO freecodecamp;

--
-- Name: galaxy_types_id_seq; Type: SEQUENCE OWNED BY; Schema: public; Owner: freecodecamp
--

ALTER SEQUENCE public.galaxy_types_id_seq OWNED BY public.galaxy_types.galaxy_types_id;


--
-- Name: moon; Type: TABLE; Schema: public; Owner: freecodecamp
--

CREATE TABLE public.moon (
    moon_id integer NOT NULL,
    name character varying(30) NOT NULL,
    planet_id integer NOT NULL,
    radius_km numeric(10,2),
    has_atmosphere boolean
);


ALTER TABLE public.moon OWNER TO freecodecamp;

--
-- Name: moon_id_seq; Type: SEQUENCE; Schema: public; Owner: freecodecamp
--

ALTER TABLE public.moon ALTER COLUMN moon_id ADD GENERATED BY DEFAULT AS IDENTITY (
    SEQUENCE NAME public.moon_id_seq
    START WITH 1
    INCREMENT BY 1
    NO MINVALUE
    NO MAXVALUE
    CACHE 1
);


--
-- Name: planet; Type: TABLE; Schema: public; Owner: freecodecamp
--

CREATE TABLE public.planet (
    planet_id integer NOT NULL,
    name character varying(30) NOT NULL,
    has_life boolean,
    is_spherical boolean,
    distance_from_earth numeric(10,2),
    number_of_moons integer,
    star_id integer NOT NULL
);


ALTER TABLE public.planet OWNER TO freecodecamp;

--
-- Name: planet_id_seq; Type: SEQUENCE; Schema: public; Owner: freecodecamp
--

ALTER TABLE public.planet ALTER COLUMN planet_id ADD GENERATED BY DEFAULT AS IDENTITY (
    SEQUENCE NAME public.planet_id_seq
    START WITH 1
    INCREMENT BY 1
    NO MINVALUE
    NO MAXVALUE
    CACHE 1
);


--
-- Name: star; Type: TABLE; Schema: public; Owner: freecodecamp
--

CREATE TABLE public.star (
    star_id integer NOT NULL,
    name character varying(30) NOT NULL,
    galaxy_id integer NOT NULL,
    type text,
    mass_solar numeric(10,2)
);


ALTER TABLE public.star OWNER TO freecodecamp;

--
-- Name: star_id_seq; Type: SEQUENCE; Schema: public; Owner: freecodecamp
--

CREATE SEQUENCE public.star_id_seq
    AS integer
    START WITH 1
    INCREMENT BY 1
    NO MINVALUE
    NO MAXVALUE
    CACHE 1;


ALTER TABLE public.star_id_seq OWNER TO freecodecamp;

--
-- Name: star_id_seq; Type: SEQUENCE OWNED BY; Schema: public; Owner: freecodecamp
--

ALTER SEQUENCE public.star_id_seq OWNED BY public.star.star_id;


--
-- Name: galaxy_types galaxy_types_id; Type: DEFAULT; Schema: public; Owner: freecodecamp
--

ALTER TABLE ONLY public.galaxy_types ALTER COLUMN galaxy_types_id SET DEFAULT nextval('public.galaxy_types_id_seq'::regclass);


--
-- Name: star star_id; Type: DEFAULT; Schema: public; Owner: freecodecamp
--

ALTER TABLE ONLY public.star ALTER COLUMN star_id SET DEFAULT nextval('public.star_id_seq'::regclass);


--
-- Data for Name: galaxy; Type: TABLE DATA; Schema: public; Owner: freecodecamp
--

INSERT INTO public.galaxy VALUES (1, 'galaxy1', 890, 'galaxy1 description', 89);
INSERT INTO public.galaxy VALUES (2, 'galaxy2', 900, 'galaxy2 description', 90);
INSERT INTO public.galaxy VALUES (3, 'galaxy3', 910, 'galaxy3 description', 91);
INSERT INTO public.galaxy VALUES (4, 'Milky Way', 13600, 'Our home galaxy with billions of stars.', 8000000000);
INSERT INTO public.galaxy VALUES (5, 'Andromeda', 10000, 'The nearest large galaxy to the Milky Way.', 10000000000);
INSERT INTO public.galaxy VALUES (6, 'Triangulum', 12000, 'A smaller spiral galaxy in the Local Group.', 5000000000);
INSERT INTO public.galaxy VALUES (7, 'Messier 87', 13000, 'A giant elliptical galaxy with a supermassive black hole.', 20000000000);
INSERT INTO public.galaxy VALUES (8, 'Whirlpool', 12000, 'A classic spiral galaxy with well-defined arms.', 6000000000);
INSERT INTO public.galaxy VALUES (9, 'Sombrero', 13000, 'An unbarred spiral galaxy with a bright nucleus.', 7000000000);


--
-- Data for Name: galaxy_types; Type: TABLE DATA; Schema: public; Owner: freecodecamp
--

INSERT INTO public.galaxy_types VALUES (1, 1, 'type1', NULL);
INSERT INTO public.galaxy_types VALUES (2, 2, 'type2', NULL);
INSERT INTO public.galaxy_types VALUES (3, 3, 'type3', NULL);


--
-- Data for Name: moon; Type: TABLE DATA; Schema: public; Owner: freecodecamp
--

INSERT INTO public.moon VALUES (1, 'moon1', 1, NULL, NULL);
INSERT INTO public.moon VALUES (2, 'moon2', 2, NULL, NULL);
INSERT INTO public.moon VALUES (3, 'moon3', 3, NULL, NULL);
INSERT INTO public.moon VALUES (4, 'Luna', 1, NULL, NULL);
INSERT INTO public.moon VALUES (5, 'Phobos', 2, NULL, NULL);
INSERT INTO public.moon VALUES (6, 'Deimos', 2, NULL, NULL);
INSERT INTO public.moon VALUES (7, 'Titan', 5, NULL, NULL);
INSERT INTO public.moon VALUES (8, 'Enceladus', 5, NULL, NULL);
INSERT INTO public.moon VALUES (9, 'Ganymede', 4, NULL, NULL);
INSERT INTO public.moon VALUES (10, 'Europa', 4, NULL, NULL);
INSERT INTO public.moon VALUES (11, 'Callisto', 4, NULL, NULL);
INSERT INTO public.moon VALUES (12, 'Io', 4, NULL, NULL);
INSERT INTO public.moon VALUES (13, 'Mimas', 5, NULL, NULL);
INSERT INTO public.moon VALUES (14, 'Tethys', 5, NULL, NULL);
INSERT INTO public.moon VALUES (15, 'Dione', 5, NULL, NULL);
INSERT INTO public.moon VALUES (16, 'Rhea', 5, NULL, NULL);
INSERT INTO public.moon VALUES (17, 'Hyperion', 5, NULL, NULL);
INSERT INTO public.moon VALUES (18, 'Iapetus', 5, NULL, NULL);
INSERT INTO public.moon VALUES (19, 'Proteus', 7, NULL, NULL);
INSERT INTO public.moon VALUES (20, 'Nereid', 7, NULL, NULL);
INSERT INTO public.moon VALUES (21, 'Charon', 8, NULL, NULL);
INSERT INTO public.moon VALUES (22, 'Dysnomia', 9, NULL, NULL);
INSERT INTO public.moon VALUES (23, 'Miranda', 10, NULL, NULL);


--
-- Data for Name: planet; Type: TABLE DATA; Schema: public; Owner: freecodecamp
--

INSERT INTO public.planet VALUES (1, 'planet1', true, false, 111.00, 5, 2);
INSERT INTO public.planet VALUES (2, 'planet2', true, false, 111.00, 5, 2);
INSERT INTO public.planet VALUES (3, 'planet3', false, true, 112.00, 2, 3);
INSERT INTO public.planet VALUES (4, 'Earth', true, true, 0.00, 1, 1);
INSERT INTO public.planet VALUES (5, 'Mars', false, true, 78.34, 2, 1);
INSERT INTO public.planet VALUES (6, 'Venus', false, true, 41.40, 0, 1);
INSERT INTO public.planet VALUES (7, 'Jupiter', false, true, 628.73, 79, 1);
INSERT INTO public.planet VALUES (8, 'Saturn', false, true, 1275.00, 82, 1);
INSERT INTO public.planet VALUES (9, 'Proxima b', NULL, true, 4.24, 0, 5);
INSERT INTO public.planet VALUES (10, 'Kepler-22b', NULL, true, 600.00, 0, 6);
INSERT INTO public.planet VALUES (11, 'Rigel Planet 1', false, true, 860.00, 0, 6);
INSERT INTO public.planet VALUES (12, 'Alpha Centauri Bb', NULL, true, 4.37, 0, 3);
INSERT INTO public.planet VALUES (13, 'Betelgeuse Planet X', false, true, 640.00, 3, 4);
INSERT INTO public.planet VALUES (14, 'Sirius Planet A', false, true, 8.60, 1, 2);
INSERT INTO public.planet VALUES (15, 'Sun Planet Z', false, true, 0.00, 0, 1);


--
-- Data for Name: star; Type: TABLE DATA; Schema: public; Owner: freecodecamp
--

INSERT INTO public.star VALUES (1, 'star1', 1, NULL, NULL);
INSERT INTO public.star VALUES (2, 'star2', 2, NULL, NULL);
INSERT INTO public.star VALUES (3, 'star3', 3, NULL, NULL);
INSERT INTO public.star VALUES (4, 'Sun', 1, NULL, NULL);
INSERT INTO public.star VALUES (5, 'Sirius', 1, NULL, NULL);
INSERT INTO public.star VALUES (6, 'Alpha Centauri A', 1, NULL, NULL);
INSERT INTO public.star VALUES (7, 'Betelgeuse', 1, NULL, NULL);
INSERT INTO public.star VALUES (8, 'Proxima Centauri', 1, NULL, NULL);
INSERT INTO public.star VALUES (9, 'Rigel', 2, NULL, NULL);


--
-- Name: galaxy_id_seq; Type: SEQUENCE SET; Schema: public; Owner: freecodecamp
--

SELECT pg_catalog.setval('public.galaxy_id_seq', 9, true);


--
-- Name: galaxy_types_id_seq; Type: SEQUENCE SET; Schema: public; Owner: freecodecamp
--

SELECT pg_catalog.setval('public.galaxy_types_id_seq', 3, true);


--
-- Name: moon_id_seq; Type: SEQUENCE SET; Schema: public; Owner: freecodecamp
--

SELECT pg_catalog.setval('public.moon_id_seq', 23, true);


--
-- Name: planet_id_seq; Type: SEQUENCE SET; Schema: public; Owner: freecodecamp
--

SELECT pg_catalog.setval('public.planet_id_seq', 15, true);


--
-- Name: star_id_seq; Type: SEQUENCE SET; Schema: public; Owner: freecodecamp
--

SELECT pg_catalog.setval('public.star_id_seq', 9, true);


--
-- Name: galaxy galaxy_name_unique; Type: CONSTRAINT; Schema: public; Owner: freecodecamp
--

ALTER TABLE ONLY public.galaxy
    ADD CONSTRAINT galaxy_name_unique UNIQUE (name);


--
-- Name: galaxy galaxy_pkey; Type: CONSTRAINT; Schema: public; Owner: freecodecamp
--

ALTER TABLE ONLY public.galaxy
    ADD CONSTRAINT galaxy_pkey PRIMARY KEY (galaxy_id);


--
-- Name: galaxy_types galaxy_type_name_unique; Type: CONSTRAINT; Schema: public; Owner: freecodecamp
--

ALTER TABLE ONLY public.galaxy_types
    ADD CONSTRAINT galaxy_type_name_unique UNIQUE (name);


--
-- Name: galaxy_types galaxy_types_pkey; Type: CONSTRAINT; Schema: public; Owner: freecodecamp
--

ALTER TABLE ONLY public.galaxy_types
    ADD CONSTRAINT galaxy_types_pkey PRIMARY KEY (galaxy_types_id);


--
-- Name: moon moon_name_unique; Type: CONSTRAINT; Schema: public; Owner: freecodecamp
--

ALTER TABLE ONLY public.moon
    ADD CONSTRAINT moon_name_unique UNIQUE (name);


--
-- Name: moon moon_pkey; Type: CONSTRAINT; Schema: public; Owner: freecodecamp
--

ALTER TABLE ONLY public.moon
    ADD CONSTRAINT moon_pkey PRIMARY KEY (moon_id);


--
-- Name: planet planet_name_unique; Type: CONSTRAINT; Schema: public; Owner: freecodecamp
--

ALTER TABLE ONLY public.planet
    ADD CONSTRAINT planet_name_unique UNIQUE (name);


--
-- Name: planet planet_pkey; Type: CONSTRAINT; Schema: public; Owner: freecodecamp
--

ALTER TABLE ONLY public.planet
    ADD CONSTRAINT planet_pkey PRIMARY KEY (planet_id);


--
-- Name: star star_name_unique; Type: CONSTRAINT; Schema: public; Owner: freecodecamp
--

ALTER TABLE ONLY public.star
    ADD CONSTRAINT star_name_unique UNIQUE (name);


--
-- Name: star star_pkey; Type: CONSTRAINT; Schema: public; Owner: freecodecamp
--

ALTER TABLE ONLY public.star
    ADD CONSTRAINT star_pkey PRIMARY KEY (star_id);


--
-- Name: galaxy_types galaxy_types_galaxy_id_fkey; Type: FK CONSTRAINT; Schema: public; Owner: freecodecamp
--

ALTER TABLE ONLY public.galaxy_types
    ADD CONSTRAINT galaxy_types_galaxy_id_fkey FOREIGN KEY (galaxy_id) REFERENCES public.galaxy(galaxy_id);


--
-- Name: moon moon_planet_id_fkey; Type: FK CONSTRAINT; Schema: public; Owner: freecodecamp
--

ALTER TABLE ONLY public.moon
    ADD CONSTRAINT moon_planet_id_fkey FOREIGN KEY (planet_id) REFERENCES public.planet(planet_id);


--
-- Name: planet planet_star_belongs_to_fkey; Type: FK CONSTRAINT; Schema: public; Owner: freecodecamp
--

ALTER TABLE ONLY public.planet
    ADD CONSTRAINT planet_star_belongs_to_fkey FOREIGN KEY (star_id) REFERENCES public.star(star_id);


--
-- Name: star star_galaxy_id_fkey; Type: FK CONSTRAINT; Schema: public; Owner: freecodecamp
--

ALTER TABLE ONLY public.star
    ADD CONSTRAINT star_galaxy_id_fkey FOREIGN KEY (galaxy_id) REFERENCES public.galaxy(galaxy_id);


--
-- PostgreSQL database dump complete
--

